<?xml version='1.1' encoding='UTF-8'?>
<hudson.model.UserIdMapper>
  <version>1</version>
  <idToDirectoryNameMap class="concurrent-hash-map">
    <entry>
      <string>user1</string>
      <string>user1_5741109639038394227</string>
    </entry>
    <entry>
      <string>user2</string>
      <string>user2_8462681504424530712</string>
    </entry>
    <entry>
      <string>admin</string>
      <string>admin_5036798720776374841</string>
    </entry>
    <entry>
      <string>janakiram.charuku</string>
      <string>janakiramcharu_8148525681521928739</string>
    </entry>
  </idToDirectoryNameMap>
</hudson.model.UserIdMapper>