<?xml version='1.1' encoding='UTF-8'?>
<hudson.tasks.Mailer_-DescriptorImpl plugin="mailer@1.23">
  <defaultSuffix>@gmail.com</defaultSuffix>
  <hudsonUrl>http://18.237.248.177:8080/</hudsonUrl>
  <smtpAuthUsername>janicharuku1503@gmail.com</smtpAuthUsername>
  <smtpAuthPassword>{AQAAABAAAAAQrVD9hhcYnUZqYd1jeZs7CT8jzgOVCG7hrFDQWcqF03c=}</smtpAuthPassword>
  <replyToAddress>janicharuku1503@gmail.com</replyToAddress>
  <smtpHost>smtp.gmail.com</smtpHost>
  <useSsl>true</useSsl>
  <smtpPort>465</smtpPort>
  <charset>UTF-8</charset>
</hudson.tasks.Mailer_-DescriptorImpl>