<?xml version='1.1' encoding='UTF-8'?>
<hudson.plugins.sonar.SonarRunnerInstallation_-DescriptorImpl plugin="sonar@2.9">
  <installations>
    <hudson.plugins.sonar.SonarRunnerInstallation>
      <name>mysonar</name>
      <properties>
        <hudson.tools.InstallSourceProperty>
          <installers>
            <hudson.plugins.sonar.SonarRunnerInstaller>
              <id>4.0.0.1744</id>
            </hudson.plugins.sonar.SonarRunnerInstaller>
          </installers>
        </hudson.tools.InstallSourceProperty>
      </properties>
    </hudson.plugins.sonar.SonarRunnerInstallation>
  </installations>
</hudson.plugins.sonar.SonarRunnerInstallation_-DescriptorImpl>